<?xml version="1.0" encoding="UTF-8"?>
<project-private xmlns="http://www.netbeans.org/ns/project-private/1">
    <editor-bookmarks xmlns="http://www.netbeans.org/ns/editor-bookmarks/2" lastBookmarkId="0"/>
    <open-files xmlns="http://www.netbeans.org/ns/projectui-open-files/2">
        <group>
            <file>file:/F:/2018%20projects/Karishma/Project/Phase1/IntrusionDetectionSystem/src/com/kmeans/process/CountItemsList.java</file>
            <file>file:/F:/2018%20projects/Karishma/Project/Phase1/IntrusionDetectionSystem/src/com/kmeans/process/Cluster.java</file>
            <file>file:/F:/2018%20projects/Karishma/Project/Phase1/IntrusionDetectionSystem/src/com/kmeans/process/KmeanLoadDataset.java</file>
            <file>file:/F:/2018%20projects/Karishma/Project/Phase1/IntrusionDetectionSystem/src/com/kmeans/process/Example.java</file>
            <file>file:/F:/2018%20projects/Karishma/Project/Phase1/IntrusionDetectionSystem/src/com/main/view/MainFrame.java</file>
            <file>file:/F:/2018%20projects/Karishma/Project/Phase1/IntrusionDetectionSystem/src/com/main/view/MainFrom.java</file>
        </group>
    </open-files>
</project-private>
