<?xml version="1.0" encoding="UTF-8"?>
<project-private xmlns="http://www.netbeans.org/ns/project-private/1">
    <editor-bookmarks xmlns="http://www.netbeans.org/ns/editor-bookmarks/2" lastBookmarkId="0"/>
    <open-files xmlns="http://www.netbeans.org/ns/projectui-open-files/2">
        <group>
            <file>file:/F:/2019-20/avinash/Opinon%20Mining%20Artifical%20Intelligency/Text%20Based%20On%20Topic%20Modeling/src/java/com/main/service/MsAccessConnection.java</file>
            <file>file:/F:/2019-20/avinash/Opinon%20Mining%20Artifical%20Intelligency/Text%20Based%20On%20Topic%20Modeling/web/login.jsp</file>
            <file>file:/F:/2019-20/avinash/Opinon%20Mining%20Artifical%20Intelligency/Text%20Based%20On%20Topic%20Modeling/web/regiratration.jsp</file>
            <file>file:/F:/2019-20/avinash/Opinon%20Mining%20Artifical%20Intelligency/Text%20Based%20On%20Topic%20Modeling/src/java/com/main/servlet/RegistrationServlet.java</file>
            <file>file:/F:/2019-20/avinash/Opinon%20Mining%20Artifical%20Intelligency/Text%20Based%20On%20Topic%20Modeling/web/postopinion.jsp</file>
            <file>file:/F:/2019-20/avinash/Opinon%20Mining%20Artifical%20Intelligency/Text%20Based%20On%20Topic%20Modeling/web/menus.jsp</file>
            <file>file:/F:/2019-20/avinash/Opinon%20Mining%20Artifical%20Intelligency/Text%20Based%20On%20Topic%20Modeling/src/java/com/main/dto/UserDTO.java</file>
            <file>file:/F:/2019-20/avinash/Opinon%20Mining%20Artifical%20Intelligency/Text%20Based%20On%20Topic%20Modeling/src/java/com/main/dto/FacilityDTO.java</file>
            <file>file:/F:/2019-20/avinash/Opinon%20Mining%20Artifical%20Intelligency/Text%20Based%20On%20Topic%20Modeling/src/java/com/main/dto/ProductDTO.java</file>
            <file>file:/F:/2019-20/avinash/Opinon%20Mining%20Artifical%20Intelligency/Text%20Based%20On%20Topic%20Modeling/script/script.sql</file>
            <file>file:/F:/2019-20/avinash/Opinon%20Mining%20Artifical%20Intelligency/Text%20Based%20On%20Topic%20Modeling/src/java/com/main/servlet/PostOpinionServlet.java</file>
        </group>
    </open-files>
</project-private>
